year,District Name,School Name,Subgroup,Valid Tests,Participation Rate,Average English Score,Average Math Score,Average Reading Score,Average Science Score,Average Composite Score,Number Scoring 21 or Higher,Percent Scoring 21 or Higher,Number Scoring Below 19,Percent Scoring Below 19
2018,Davidson County,MNPS Virtual School,All Students,12,86,19.6,18.6,22,20.1,20.2,7,58.3,5,41.7
2018,Davidson County,MNPS Virtual School,Black/Hispanic/Native American,3,*,*,*,*,*,*,*,*,*,*
2018,Davidson County,MNPS Virtual School,Economically Disadvantaged,4,*,*,*,*,*,*,*,*,*,*
2018,Davidson County,Antioch High School,All Students,351,97,16.1,16.7,17.4,17,17,59,16.8,242,68.9
2018,Davidson County,Antioch High School,Black/Hispanic/Native American,236,96,15.6,16.2,16.8,16.5,16.4,28,11.9,175,74.2
2018,Davidson County,Antioch High School,Economically Disadvantaged,210,97,15.3,16.3,16.6,16.7,16.4,28,13.3,162,77.1
2018,Davidson County,Antioch High School,English Learners,67,96,12.6,15.4,14.3,15.7,14.7,**,**,**,**
2018,Davidson County,Antioch High School,Students with Disabilities,39,98,12.9,14.4,14.4,14.7,14.3,**,**,**,**
2018,Davidson County,Nashville Big Picture High School,All Students,26,100,21.3,18.6,20.8,20.7,20.5,10,38.5,14,53.8
2018,Davidson County,Nashville Big Picture High School,Black/Hispanic/Native American,16,100,16.8,16.7,16.4,17.5,17,2,12.5,12,75
2018,Davidson County,Nashville Big Picture High School,Economically Disadvantaged,14,100,18,17.6,17.9,18.9,18.2,4,28.6,9,64.3
2018,Davidson County,Nashville Big Picture High School,Students with Disabilities,4,*,*,*,*,*,*,*,*,*,*
2018,Davidson County,Cane Ridge High School,All Students,358,99,16,16.9,17.2,16.7,16.8,67,18.7,256,71.5
2018,Davidson County,Cane Ridge High School,Black/Hispanic/Native American,260,99,15.8,16.6,17,16.4,16.6,42,16.2,193,74.2
2018,Davidson County,Cane Ridge High School,Economically Disadvantaged,216,99,15.6,16.6,16.7,16.2,16.4,35,16.2,162,75
2018,Davidson County,Cane Ridge High School,English Learners,79,99,12.7,15.3,14.5,14.4,14.4,**,**,**,**
2018,Davidson County,Cane Ridge High School,Students with Disabilities,30,100,12.5,15.1,13.3,13.9,13.8,**,**,**,**
2018,Davidson County,East Nashville Magnet High School,All Students,140,100,17.6,17.8,19.2,18.6,18.5,35,25,77,55
2018,Davidson County,East Nashville Magnet High School,Black/Hispanic/Native American,132,100,17.4,17.7,19,18.5,18.3,31,23.5,74,56.1
2018,Davidson County,East Nashville Magnet High School,Economically Disadvantaged,77,100,17.6,17.7,19.4,18.4,18.5,20,26,45,58.4
2018,Davidson County,East Nashville Magnet High School,Students with Disabilities,9,*,*,*,*,*,*,*,*,*,*
2018,Davidson County,Glencliff High School,All Students,228,99,14.5,16.2,16.1,16.3,15.9,24,10.5,191,83.8
2018,Davidson County,Glencliff High School,Black/Hispanic/Native American,167,99,14.1,16,15.6,16,15.6,15,9,147,88
2018,Davidson County,Glencliff High School,Economically Disadvantaged,175,100,14.4,16.1,16,16.1,15.8,16,9.1,150,85.7
2018,Davidson County,Glencliff High School,English Learners,63,100,12.5,15.6,14.1,15.1,14.4,**,**,**,**
2018,Davidson County,Glencliff High School,Students with Disabilities,16,100,11.1,14.2,13.4,15,13.6,**,**,**,**
2018,Davidson County,Hillsboro High,All Students,253,99,19.6,18.7,20.9,19.7,19.9,104,41.1,111,43.9
2018,Davidson County,Hillsboro High,Black/Hispanic/Native American,154,99,16.8,17.1,18.5,17.9,17.7,29,18.8,95,61.7
2018,Davidson County,Hillsboro High,Economically Disadvantaged,102,98,16.2,16.7,18.1,17.6,17.3,18,17.6,70,68.6
2018,Davidson County,Hillsboro High,English Learners,9,*,*,*,*,*,*,*,*,*,*
2018,Davidson County,Hillsboro High,Students with Disabilities,25,93,15.2,15.8,17.4,17.7,16.6,5,20,19,76
2018,Davidson County,Hillwood High,All Students,235,98,18.4,18.2,19.6,18.9,18.9,79,33.6,124,52.8
2018,Davidson County,Hillwood High,Black/Hispanic/Native American,114,99,15.9,17,17.4,17.4,17,20,17.5,76,66.7
2018,Davidson County,Hillwood High,Economically Disadvantaged,96,99,16.9,17.2,18.3,17.8,17.6,23,24,59,61.5
2018,Davidson County,Hillwood High,English Learners,16,100,13.4,16.8,16.3,16.6,15.8,3,18.8,13,81.3
2018,Davidson County,Hillwood High,Students with Disabilities,36,97,13.3,15.8,15.5,16,15.3,4,11.1,31,86.1
2018,Davidson County,Hume - Fogg High,All Students,208,100,29,26.6,29.3,27.2,28.2,**,**,**,**
2018,Davidson County,Hume - Fogg High,Black/Hispanic/Native American,63,100,26.8,24.5,27.8,25,26.2,**,**,**,**
2018,Davidson County,Hume - Fogg High,Economically Disadvantaged,26,100,26,25.2,27.2,25.1,26,**,**,**,**
2018,Davidson County,Hume - Fogg High,English Learners,1,*,*,*,*,*,*,*,*,*,*
2018,Davidson County,Hume - Fogg High,Students with Disabilities,5,*,*,*,*,*,*,*,*,*,*
2018,Davidson County,Hunters Lane High,All Students,324,100,15,16.1,16.2,16.2,16,33,10.2,271,83.6
2018,Davidson County,Hunters Lane High,Black/Hispanic/Native American,264,100,14.5,15.9,15.8,15.9,15.7,19,7.2,232,87.9
2018,Davidson County,Hunters Lane High,Economically Disadvantaged,217,100,14.4,15.9,15.8,15.8,15.6,17,7.8,187,86.2
2018,Davidson County,Hunters Lane High,English Learners,57,98,10.9,15,12.8,14.4,13.5,**,**,**,**
2018,Davidson County,Hunters Lane High,Students with Disabilities,31,100,11.8,14.4,13.3,14.4,13.6,**,**,**,**
2018,Davidson County,John Overton High,All Students,406,99,17.4,17.8,18.4,18.3,18.1,115,28.3,251,61.8
2018,Davidson County,John Overton High,Black/Hispanic/Native American,227,100,16.1,16.8,17.1,17.4,17,43,18.9,157,69.2
2018,Davidson County,John Overton High,Economically Disadvantaged,234,100,15.7,16.9,16.9,17.1,16.8,44,18.8,170,72.6
2018,Davidson County,John Overton High,English Learners,91,100,12.9,15.5,14.1,15.2,14.5,**,**,**,**
2018,Davidson County,John Overton High,Students with Disabilities,32,100,15.5,16.7,18,17.3,17,5,15.6,24,75
2018,Davidson County,Middle College High,All Students,23,100,23.8,22.1,23.7,22.5,23.3,17,73.9,5,21.7
2018,Davidson County,Middle College High,Black/Hispanic/Native American,10,100,22.4,20.4,20.8,20.3,21.2,6,60,3,30
2018,Davidson County,Middle College High,Economically Disadvantaged,7,*,*,*,*,*,*,*,*,*,*
2018,Davidson County,Middle College High,English Learners,1,*,*,*,*,*,*,*,*,*,*
2018,Davidson County,Middle College High,Students with Disabilities,3,*,*,*,*,*,*,*,*,*,*
2018,Davidson County,Cora Howe School,All Students,3,*,*,*,*,*,*,*,*,*,*
2018,Davidson County,Cora Howe School,Economically Disadvantaged,1,*,*,*,*,*,*,*,*,*,*
2018,Davidson County,Cora Howe School,Students with Disabilities,3,*,*,*,*,*,*,*,*,*,*
2018,Davidson County,Maplewood High,All Students,170,98,13.6,15.6,15.3,15.6,15.2,9,5.3,149,87.6
2018,Davidson County,Maplewood High,Black/Hispanic/Native American,160,99,13.4,15.6,15.1,15.5,15,**,**,**,**
2018,Davidson County,Maplewood High,Economically Disadvantaged,139,99,13.6,15.7,15.2,15.5,15.1,8,5.8,124,89.2
2018,Davidson County,Maplewood High,English Learners,12,100,10.3,14.2,11.7,12.8,12.4,**,**,**,**
2018,Davidson County,Maplewood High,Students with Disabilities,26,96,10.8,15.1,12.4,14.1,13.2,**,**,**,**
2018,Davidson County,Martin Luther King Jr School,All Students,236,100,26.5,25,26.6,25,26,**,**,**,**
2018,Davidson County,Martin Luther King Jr School,Black/Hispanic/Native American,126,100,25.2,23.3,25.7,23.4,24.6,**,**,**,**
2018,Davidson County,Martin Luther King Jr School,Economically Disadvantaged,50,100,24.4,23.6,24.4,23.6,24.1,**,**,**,**
2018,Davidson County,Martin Luther King Jr School,English Learners,2,*,*,*,*,*,*,*,*,*,*
2018,Davidson County,Martin Luther King Jr School,Students with Disabilities,1,*,*,*,*,*,*,*,*,*,*
2018,Davidson County,McGavock High,All Students,416,99,17.3,17.3,18.3,18.2,17.9,111,26.7,246,59.1
2018,Davidson County,McGavock High,Black/Hispanic/Native American,243,99,15.5,16.3,16.4,16.7,16.4,36,14.8,181,74.5
2018,Davidson County,McGavock High,Economically Disadvantaged,218,99,15.8,16.3,16.8,17,16.6,35,16.1,155,71.1
2018,Davidson County,McGavock High,English Learners,18,100,11.3,15,13.6,14.2,13.6,**,**,**,**
2018,Davidson County,McGavock High,Students with Disabilities,52,100,13,14.8,14.1,14.2,14.1,**,**,**,**
2018,Davidson County,Nashville School Of The Arts,All Students,106,100,22.7,18.7,24.2,20.7,21.8,59,55.7,25,23.6
2018,Davidson County,Nashville School Of The Arts,Black/Hispanic/Native American,56,100,21.6,18.4,22.9,20.3,21,25,44.6,19,33.9
2018,Davidson County,Nashville School Of The Arts,Economically Disadvantaged,28,100,21.3,18,22.6,20.6,20.8,11,39.3,10,35.7
2018,Davidson County,Nashville School Of The Arts,Students with Disabilities,6,*,*,*,*,*,*,*,*,*,*
2018,Davidson County,Pearl-Cohn High,All Students,100,97,13.6,15.7,15.1,15.7,15.2,**,**,**,**
2018,Davidson County,Pearl-Cohn High,Black/Hispanic/Native American,100,97,13.6,15.7,15.1,15.7,15.2,**,**,**,**
2018,Davidson County,Pearl-Cohn High,Economically Disadvantaged,84,98,13.5,15.7,15,15.5,15,**,**,**,**
2018,Davidson County,Pearl-Cohn High,English Learners,3,*,*,*,*,*,*,*,*,*,*
2018,Davidson County,Pearl-Cohn High,Students with Disabilities,20,95,12.5,14.8,14,15.7,14.3,**,**,**,**
2018,Davidson County,The Academy at Opry Mills,All Students,67,96,16.1,16.8,17.4,17.4,17,13,19.4,50,74.6
2018,Davidson County,The Academy at Opry Mills,Black/Hispanic/Native American,45,96,15.4,16.6,16,16.1,16.2,7,15.6,37,82.2
2018,Davidson County,The Academy at Opry Mills,Economically Disadvantaged,40,98,15.4,16.6,15.8,16.6,16.2,6,15,32,80
2018,Davidson County,The Academy at Opry Mills,English Learners,4,*,*,*,*,*,*,*,*,*,*
2018,Davidson County,The Academy at Opry Mills,Students with Disabilities,3,*,*,*,*,*,*,*,*,*,*
2018,Davidson County,The Academy at Old Cockrill,All Students,81,95,15.7,16.8,17.6,16.8,16.8,16,19.8,60,74.1
2018,Davidson County,The Academy at Old Cockrill,Black/Hispanic/Native American,55,95,13.4,15.6,15.2,15.1,14.9,3,5.5,49,89.1
2018,Davidson County,The Academy at Old Cockrill,Economically Disadvantaged,48,94,14.1,16,16.6,16.2,15.8,6,12.5,40,83.3
2018,Davidson County,The Academy at Old Cockrill,Students with Disabilities,12,92,17.3,16.8,20.8,17.3,18.2,4,33.3,5,41.7
2018,Davidson County,Stratford STEM Magnet School,All Students,154,97,16.1,16.7,17.3,17.1,16.9,29,18.8,109,70.8
2018,Davidson County,Stratford STEM Magnet School,Black/Hispanic/Native American,116,97,15.1,16.2,16.3,16.5,16.2,15,12.9,92,79.3
2018,Davidson County,Stratford STEM Magnet School,Economically Disadvantaged,115,97,15,16,16.3,16.3,16.1,16,13.9,92,80
2018,Davidson County,Stratford STEM Magnet School,English Learners,10,91,14.5,16.2,17,17.1,16.4,2,20,8,80
2018,Davidson County,Stratford STEM Magnet School,Students with Disabilities,26,93,12.1,14.9,14.1,14.5,14,**,**,**,**
2018,Davidson County,Whites Creek High,All Students,139,100,14.2,15.6,16,15.4,15.4,9,6.5,115,82.7
2018,Davidson County,Whites Creek High,Black/Hispanic/Native American,126,100,13.8,15.3,15.5,15,15.1,**,**,**,**
2018,Davidson County,Whites Creek High,Economically Disadvantaged,108,100,13.8,15.3,15.5,15,15.1,**,**,**,**
2018,Davidson County,Whites Creek High,English Learners,2,*,*,*,*,*,*,*,*,*,*
2018,Davidson County,Whites Creek High,Students with Disabilities,20,100,10.8,14.4,14.3,13.7,13.5,**,**,**,**
2018,Davidson County,The Academy at Hickory Hollow,All Students,136,97,14.2,15.8,15.7,15.7,15.5,12,8.8,114,83.8
2018,Davidson County,The Academy at Hickory Hollow,Black/Hispanic/Native American,98,98,14,15.5,15.3,15.4,15.2,7,7.1,84,85.7
2018,Davidson County,The Academy at Hickory Hollow,Economically Disadvantaged,99,97,13.6,15.6,15.2,15.2,15,**,**,**,**
2018,Davidson County,The Academy at Hickory Hollow,English Learners,33,97,11.7,14.8,13.1,13.8,13.5,**,**,**,**
2018,Davidson County,The Academy at Hickory Hollow,Students with Disabilities,4,*,*,*,*,*,*,*,*,*,*
2018,Davidson County,Lead Academy,All Students,76,100,17.9,18.4,19.5,19,18.9,20,26.3,42,55.3
2018,Davidson County,Lead Academy,Black/Hispanic/Native American,69,100,18,18.3,19.8,19.1,18.9,19,27.5,38,55.1
2018,Davidson County,Lead Academy,Economically Disadvantaged,50,100,17,18.3,18.9,18.8,18.3,12,24,30,60
2018,Davidson County,Lead Academy,English Learners,12,100,13.3,17.5,16.3,17.8,16.4,1,8.3,10,83.3
2018,Davidson County,Lead Academy,Students with Disabilities,8,*,*,*,*,*,*,*,*,*,*
2018,Davidson County,KIPP Nashville Collegiate High School,All Students,47,100,21.6,20.6,20.9,20.6,21.1,27,57.4,13,27.7
2018,Davidson County,KIPP Nashville Collegiate High School,Black/Hispanic/Native American,43,100,21.7,20.6,21,20.5,21.1,24,55.8,12,27.9
2018,Davidson County,KIPP Nashville Collegiate High School,Economically Disadvantaged,28,100,21.5,19.4,20.1,20,20.5,14,50,10,35.7
2018,Davidson County,KIPP Nashville Collegiate High School,Students with Disabilities,4,*,*,*,*,*,*,*,*,*,*
2018,Davidson County,Knowledge Academies High School,All Students,65,100,17.5,17.2,18,18.6,17.9,14,21.5,41,63.1
2018,Davidson County,Knowledge Academies High School,Black/Hispanic/Native American,56,100,17.2,16.9,17.5,18.3,17.6,10,17.9,38,67.9
2018,Davidson County,Knowledge Academies High School,Economically Disadvantaged,43,100,17.6,17.5,17.8,18.6,18,10,23.3,29,67.4
2018,Davidson County,Knowledge Academies High School,English Learners,6,*,*,*,*,*,*,*,*,*,*
2018,Davidson County,Knowledge Academies High School,Students with Disabilities,3,*,*,*,*,*,*,*,*,*,*
2018,Davidson County,STEM Prep High School,All Students,94,100,19.3,19.8,19.5,20.2,19.9,41,43.6,36,38.3
2018,Davidson County,STEM Prep High School,Black/Hispanic/Native American,72,100,19.3,19.6,19.3,20.1,19.8,29,40.3,27,37.5
2018,Davidson County,STEM Prep High School,Economically Disadvantaged,63,100,17.9,18.9,18.1,19.5,18.8,20,31.7,31,49.2
2018,Davidson County,STEM Prep High School,English Learners,22,100,13.7,16.4,15.8,17,15.9,**,**,**,**
2018,Davidson County,STEM Prep High School,Students with Disabilities,16,100,14.3,15.4,16.4,15.9,15.7,2,12.5,13,81.3
2018,Davidson County,RePublic High School,All Students,116,100,20.7,19.2,20.8,20,20.3,50,43.1,40,34.5
2018,Davidson County,RePublic High School,Black/Hispanic/Native American,109,100,20.2,19,20.2,19.6,19.9,44,40.4,39,35.8
2018,Davidson County,RePublic High School,Economically Disadvantaged,74,100,19.9,19,20,19.6,19.8,27,36.5,29,39.2
2018,Davidson County,RePublic High School,English Learners,3,*,*,*,*,*,*,*,*,*,*
2018,Davidson County,RePublic High School,Students with Disabilities,11,100,16.8,17.9,17.9,17.4,17.7,2,18.2,9,81.8
,,,,,,,,,,,,,,
2019,Davidson County,MNPS Virtual School,All Students,15,88,22,18.7,23.5,20.9,21.4,9,60,4,26.7
2019,Davidson County,MNPS Virtual School,Black/Hispanic/Native American,1,*,*,*,*,*,*,*,*,*,*
2019,Davidson County,MNPS Virtual School,Economically Disadvantaged,2,*,*,*,*,*,*,*,*,*,*
2019,Davidson County,MNPS Virtual School,English Learners,0,*,*,*,*,*,*,*,*,*,*
2019,Davidson County,Antioch High School,All Students,361,86,15.5,16.4,16.7,16.8,16.5,49,13.6,273,75.6
2019,Davidson County,Antioch High School,Black/Hispanic/Native American,268,87,15,16,16.1,16.4,16.1,29,10.8,216,80.6
2019,Davidson County,Antioch High School,Economically Disadvantaged,207,84,15,16.2,16.4,16.5,16.2,21,10.1,163,78.7
2019,Davidson County,Antioch High School,English Learners,80,77,12,15.2,13.4,14.5,13.9,**,**,**,**
2019,Davidson County,Antioch High School,Students with Disabilities,25,86,12.5,14.9,13.5,13.8,13.9,**,**,**,**
2019,Davidson County,Nashville Big Picture High School,All Students,24,100,16.5,16.8,16.9,17.8,17.2,3,12.5,17,70.8
2019,Davidson County,Nashville Big Picture High School,Black/Hispanic/Native American,19,100,16,16.3,16.6,17.3,16.8,2,10.5,15,78.9
2019,Davidson County,Nashville Big Picture High School,Economically Disadvantaged,11,100,16.9,16.6,16.6,17.2,17,1,9.1,8,72.7
2019,Davidson County,Nashville Big Picture High School,English Learners,1,*,*,*,*,*,*,*,*,*,*
2019,Davidson County,Nashville Big Picture High School,Students with Disabilities,3,*,*,*,*,*,*,*,*,*,*
2019,Davidson County,Cane Ridge High School,All Students,378,95,15.9,16.3,17,16.9,16.7,41,10.8,278,73.5
2019,Davidson County,Cane Ridge High School,Black/Hispanic/Native American,281,97,15.5,16,16.8,16.6,16.4,26,9.3,215,76.5
2019,Davidson County,Cane Ridge High School,Economically Disadvantaged,206,94,15.3,16.2,16.5,16.7,16.4,16,7.8,159,77.2
2019,Davidson County,Cane Ridge High School,English Learners,90,91,12.4,15.1,13.8,15.3,14.3,**,**,**,**
2019,Davidson County,Cane Ridge High School,Students with Disabilities,33,97,13.1,14.8,14.8,15.6,14.8,2,6.1,31,93.9
2019,Davidson County,East Nashville Magnet High School,All Students,173,98,17.3,17.1,18,18.2,17.8,27,15.6,106,61.3
2019,Davidson County,East Nashville Magnet High School,Black/Hispanic/Native American,163,98,17,16.9,17.8,18,17.6,22,13.5,103,63.2
2019,Davidson County,East Nashville Magnet High School,Economically Disadvantaged,94,97,16.6,16.7,17.5,17.8,17.3,10,10.6,64,68.1
2019,Davidson County,East Nashville Magnet High School,English Learners,2,*,*,*,*,*,*,*,*,*,*
2019,Davidson County,East Nashville Magnet High School,Students with Disabilities,8,*,*,*,*,*,*,*,*,*,*
2019,Davidson County,Glencliff High School,All Students,196,92,14.5,16.2,16.1,16.5,16,24,12.2,157,80.1
2019,Davidson County,Glencliff High School,Black/Hispanic/Native American,137,91,14.3,15.9,15.9,16.3,15.8,15,10.9,110,80.3
2019,Davidson County,Glencliff High School,Economically Disadvantaged,130,93,13.6,15.7,15.4,16.1,15.3,9,6.9,114,87.7
2019,Davidson County,Glencliff High School,English Learners,68,88,11.5,14.9,13.5,14.9,13.8,**,**,**,**
2019,Davidson County,Glencliff High School,Students with Disabilities,18,90,11.6,14.6,13.7,14.7,13.7,**,**,**,**
2019,Davidson County,Hillsboro High,All Students,223,96,21.8,19.8,22.7,21.4,21.6,113,50.7,83,37.2
2019,Davidson County,Hillsboro High,Black/Hispanic/Native American,117,94,17.5,17.1,18.8,18.5,18.1,26,22.2,71,60.7
2019,Davidson County,Hillsboro High,Economically Disadvantaged,80,95,18.1,17.9,20,19.3,19,22,27.5,42,52.5
2019,Davidson County,Hillsboro High,English Learners,2,*,*,*,*,*,*,*,*,*,*
2019,Davidson County,Hillsboro High,Students with Disabilities,16,84,14.4,15.9,16.4,16.4,16,2,12.5,13,81.3
2019,Davidson County,Hillwood High,All Students,183,83,16.7,16.9,18,17.5,17.4,44,24,121,66.1
2019,Davidson County,Hillwood High,Black/Hispanic/Native American,95,90,14.5,15.5,16.4,15.8,15.7,10,10.5,80,84.2
2019,Davidson County,Hillwood High,Economically Disadvantaged,86,89,15,15.9,17.3,16.3,16.3,14,16.3,67,77.9
2019,Davidson County,Hillwood High,English Learners,28,88,11.5,15.1,13.5,14.2,13.8,**,**,**,**
2019,Davidson County,Hillwood High,Students with Disabilities,33,92,15.5,15.7,17.3,16.2,16.3,5,15.2,28,84.8
2019,Davidson County,Hume - Fogg High,All Students,211,95,28.7,26.5,29.8,27.2,28.2,**,**,**,**
2019,Davidson County,Hume - Fogg High,Black/Hispanic/Native American,64,100,26,24,27.6,24.6,25.8,**,**,**,**
2019,Davidson County,Hume - Fogg High,Economically Disadvantaged,35,100,25.9,24.7,28.3,25.3,26.3,**,**,**,**
2019,Davidson County,Hume - Fogg High,Students with Disabilities,8,*,*,*,*,*,*,*,*,*,*
2019,Davidson County,Hunters Lane High,All Students,261,89,15,15.8,16.5,16,16,31,11.9,212,81.2
2019,Davidson County,Hunters Lane High,Black/Hispanic/Native American,222,88,14.5,15.5,16,15.6,15.5,19,8.6,190,85.6
2019,Davidson County,Hunters Lane High,Economically Disadvantaged,180,88,14.3,15.6,15.9,15.4,15.5,15,8.3,155,86.1
2019,Davidson County,Hunters Lane High,English Learners,46,77,11.8,14.5,13.3,14,13.6,**,**,**,**
2019,Davidson County,Hunters Lane High,Students with Disabilities,23,79,11.7,14.8,12.8,13.3,13.3,**,**,**,**
2019,Davidson County,John Overton High,All Students,411,93,16.5,17.1,17.8,17.9,17.5,90,21.9,286,69.6
2019,Davidson County,John Overton High,Black/Hispanic/Native American,241,93,14.3,15.8,16.1,16.5,15.8,22,9.1,200,83
2019,Davidson County,John Overton High,Economically Disadvantaged,242,92,14.8,16.1,16.4,16.8,16.2,29,12,195,80.6
2019,Davidson County,John Overton High,English Learners,132,90,12.7,15.1,14.1,15.4,14.5,8,6.1,119,90.2
2019,Davidson County,John Overton High,Students with Disabilities,30,100,12.9,14.6,14,14.8,14.3,**,**,**,**
2019,Davidson County,Middle College High,All Students,39,83,22.8,19.7,23.7,21.6,22.1,24,61.5,7,17.9
2019,Davidson County,Middle College High,Black/Hispanic/Native American,23,88,22.1,20.1,23,21.1,21.7,13,56.5,5,21.7
2019,Davidson County,Middle College High,Economically Disadvantaged,16,84,20.6,18.9,21.9,20.8,20.7,9,56.3,5,31.3
2019,Davidson County,Middle College High,English Learners,3,*,*,*,*,*,*,*,*,*,*
2019,Davidson County,Middle College High,Students with Disabilities,1,*,*,*,*,*,*,*,*,*,*
2019,Davidson County,Cora Howe School,All Students,2,*,*,*,*,*,*,*,*,*,*
2019,Davidson County,Cora Howe School,Black/Hispanic/Native American,0,*,*,*,*,*,*,*,*,*,*
2019,Davidson County,Cora Howe School,Economically Disadvantaged,1,*,*,*,*,*,*,*,*,*,*
2019,Davidson County,Cora Howe School,Students with Disabilities,2,*,*,*,*,*,*,*,*,*,*
2019,Davidson County,Maplewood High,All Students,136,84,13.6,15,14.5,15.2,14.7,**,**,**,**
2019,Davidson County,Maplewood High,Black/Hispanic/Native American,124,83,13.3,14.9,14.4,15.1,14.6,**,**,**,**
2019,Davidson County,Maplewood High,Economically Disadvantaged,107,83,13.4,15,14.4,15.1,14.6,**,**,**,**
2019,Davidson County,Maplewood High,English Learners,22,81,11.3,14.5,12.7,12.8,13,**,**,**,**
2019,Davidson County,Maplewood High,Students with Disabilities,15,75,10.9,14,13.1,13.1,12.9,**,**,**,**
2019,Davidson County,Martin Luther King Jr School,All Students,227,99,26.4,24.8,26.8,25.3,26,**,**,**,**
2019,Davidson County,Martin Luther King Jr School,Black/Hispanic/Native American,121,100,24.4,23,25.4,23.7,24.3,**,**,**,**
2019,Davidson County,Martin Luther King Jr School,Economically Disadvantaged,60,100,25.3,23.3,25.4,24.1,24.7,**,**,**,**
2019,Davidson County,Martin Luther King Jr School,English Learners,1,*,*,*,*,*,*,*,*,*,*
2019,Davidson County,Martin Luther King Jr School,Students with Disabilities,2,*,*,*,*,*,*,*,*,*,*
2019,Davidson County,McGavock High,All Students,409,96,18.2,17.7,19.1,18.9,18.6,116,28.4,230,56.2
2019,Davidson County,McGavock High,Black/Hispanic/Native American,239,96,16.4,16.6,17.6,17.6,17.2,38,15.9,171,71.5
2019,Davidson County,McGavock High,Economically Disadvantaged,219,95,17,16.9,17.8,17.8,17.6,42,19.2,146,66.7
2019,Davidson County,McGavock High,English Learners,25,89,13.4,15,14,15.7,14.6,**,**,**,**
2019,Davidson County,McGavock High,Students with Disabilities,43,96,13.7,15.2,15.3,15.6,15.1,**,**,**,**
2019,Davidson County,Nashville School Of The Arts,All Students,127,97,22.8,19,23.3,20.6,21.6,72,56.7,36,28.3
2019,Davidson County,Nashville School Of The Arts,Black/Hispanic/Native American,58,98,20.5,17.7,21.6,19.7,20.1,22,37.9,26,44.8
2019,Davidson County,Nashville School Of The Arts,Economically Disadvantaged,32,100,19,17.3,20.5,18.7,19,9,28.1,17,53.1
2019,Davidson County,Nashville School Of The Arts,English Learners,1,*,*,*,*,*,*,*,*,*,*
2019,Davidson County,Nashville School Of The Arts,Students with Disabilities,12,100,17.3,16.9,19.4,18.9,18.3,3,25,8,66.7
2019,Davidson County,Pearl-Cohn High,All Students,112,86,13.4,15.2,14.5,15.2,14.7,**,**,**,**
2019,Davidson County,Pearl-Cohn High,Black/Hispanic/Native American,111,87,13.4,15.2,14.5,15.2,14.7,**,**,**,**
2019,Davidson County,Pearl-Cohn High,Economically Disadvantaged,97,86,13.5,15.1,14.2,15.1,14.6,**,**,**,**
2019,Davidson County,Pearl-Cohn High,English Learners,1,*,*,*,*,*,*,*,*,*,*
2019,Davidson County,Pearl-Cohn High,Students with Disabilities,19,79,11.2,14.9,12.9,13.5,13.2,**,**,**,**
2019,Davidson County,The Academy at Opry Mills,All Students,49,86,16,16.6,16.7,16.7,16.6,7,14.3,36,73.5
2019,Davidson County,The Academy at Opry Mills,Black/Hispanic/Native American,29,85,14.3,16.1,15.2,15.6,15.4,2,6.9,24,82.8
2019,Davidson County,The Academy at Opry Mills,Economically Disadvantaged,24,83,15.3,16,15.3,15.8,15.7,2,8.3,20,83.3
2019,Davidson County,The Academy at Opry Mills,English Learners,2,*,*,*,*,*,*,*,*,*,*
2019,Davidson County,The Academy at Opry Mills,Students with Disabilities,4,*,*,*,*,*,*,*,*,*,*
2019,Davidson County,The Academy at Old Cockrill,All Students,76,77,14.3,15.9,15.8,15.8,15.6,8,10.5,66,86.8
2019,Davidson County,The Academy at Old Cockrill,Black/Hispanic/Native American,57,77,12.9,15.3,14.6,15,14.6,**,**,**,**
2019,Davidson County,The Academy at Old Cockrill,Economically Disadvantaged,57,77,13.9,15.5,15,15.3,15.1,4,7,53,93
2019,Davidson County,The Academy at Old Cockrill,English Learners,2,*,*,*,*,*,*,*,*,*,*
2019,Davidson County,The Academy at Old Cockrill,Students with Disabilities,12,86,11.5,15.1,12.5,14.4,13.6,**,**,**,**
2019,Davidson County,Stratford STEM Magnet School,All Students,112,82,16.1,16.9,17.9,17.8,17.4,25,22.3,80,71.4
2019,Davidson County,Stratford STEM Magnet School,Black/Hispanic/Native American,76,79,14.4,16.1,16.2,16.8,16,9,11.8,62,81.6
2019,Davidson County,Stratford STEM Magnet School,Economically Disadvantaged,72,77,13.9,16,15.8,16.7,15.7,6,8.3,61,84.7
2019,Davidson County,Stratford STEM Magnet School,English Learners,7,*,*,*,*,*,*,*,*,*,*
2019,Davidson County,Stratford STEM Magnet School,Students with Disabilities,10,63,9.2,14.2,10.4,13.5,12.1,**,**,**,**
2019,Davidson County,Whites Creek High,All Students,112,97,13.8,15.3,15.5,15.7,15.2,9,8,100,89.3
2019,Davidson County,Whites Creek High,Black/Hispanic/Native American,96,98,13.6,15.1,15.1,15.5,15,6,6.3,88,91.7
2019,Davidson County,Whites Creek High,Economically Disadvantaged,80,98,14,15.3,15.7,15.8,15.3,8,10,69,86.3
2019,Davidson County,Whites Creek High,English Learners,4,*,*,*,*,*,*,*,*,*,*
2019,Davidson County,Whites Creek High,Students with Disabilities,23,96,11.9,14.7,12.9,14.5,13.7,**,**,**,**
2019,Davidson County,The Academy at Hickory Hollow,All Students,118,86,14.1,15.5,15.3,15.8,15.4,8,6.8,102,86.4
2019,Davidson County,The Academy at Hickory Hollow,Black/Hispanic/Native American,82,83,13.6,15.3,14.6,15.4,14.9,**,**,**,**
2019,Davidson County,The Academy at Hickory Hollow,Economically Disadvantaged,64,83,13.5,15.2,14.2,15.5,14.8,**,**,**,**
2019,Davidson County,The Academy at Hickory Hollow,English Learners,30,83,12.5,15.2,13.9,14.8,14.4,2,6.7,27,90
2019,Davidson County,The Academy at Hickory Hollow,Students with Disabilities,9,*,*,*,*,*,*,*,*,*,*
2019,Davidson County,The Cohn Learning Center,All Students,0,*,*,*,*,*,*,*,*,*,*
2019,Davidson County,The Cohn Learning Center,Black/Hispanic/Native American,0,*,*,*,*,*,*,*,*,*,*
2019,Davidson County,The Cohn Learning Center,Economically Disadvantaged,0,*,*,*,*,*,*,*,*,*,*
2019,Davidson County,Lead Academy,All Students,70,100,17.8,18.8,19,19.4,18.9,21,30,40,57.1
2019,Davidson County,Lead Academy,Black/Hispanic/Native American,54,100,17.8,18.1,19.4,19,18.8,15,27.8,31,57.4
2019,Davidson County,Lead Academy,Economically Disadvantaged,47,100,17.7,18.4,19.2,19.5,18.8,15,31.9,28,59.6
2019,Davidson County,Lead Academy,English Learners,20,100,13.9,17.2,15.9,17.6,16.3,1,5,16,80
2019,Davidson County,Lead Academy,Students with Disabilities,6,*,*,*,*,*,*,*,*,*,*
2019,Davidson County,KIPP Nashville Collegiate High School,All Students,57,100,21.9,21.1,21.4,20.6,21.3,33,57.9,14,24.6
2019,Davidson County,KIPP Nashville Collegiate High School,Black/Hispanic/Native American,55,100,21.7,21.1,21.3,20.5,21.3,32,58.2,14,25.5
2019,Davidson County,KIPP Nashville Collegiate High School,Economically Disadvantaged,37,100,21.4,20.8,21.2,20.5,21.1,18,48.6,10,27
2019,Davidson County,KIPP Nashville Collegiate High School,English Learners,4,*,*,*,*,*,*,*,*,*,*
2019,Davidson County,KIPP Nashville Collegiate High School,Students with Disabilities,8,*,*,*,*,*,*,*,*,*,*
2019,Davidson County,Knowledge Academies High School,All Students,34,100,17.6,16.9,19.2,18.5,18.2,7,20.6,19,55.9
2019,Davidson County,Knowledge Academies High School,Black/Hispanic/Native American,23,100,16.9,16.6,17.4,18.4,17.5,3,13,13,56.5
2019,Davidson County,Knowledge Academies High School,Economically Disadvantaged,14,100,17.6,17.1,19.7,19.2,18.6,3,21.4,8,57.1
2019,Davidson County,Knowledge Academies High School,English Learners,4,*,*,*,*,*,*,*,*,*,*
2019,Davidson County,Knowledge Academies High School,Students with Disabilities,4,*,*,*,*,*,*,*,*,*,*
2019,Davidson County,STEM Prep High School,All Students,92,97,20.1,20,20.4,20.3,20.3,42,45.7,38,41.3
2019,Davidson County,STEM Prep High School,Black/Hispanic/Native American,65,96,19.2,19.4,20,19.7,19.7,29,44.6,30,46.2
2019,Davidson County,STEM Prep High School,Economically Disadvantaged,60,98,18.8,19.1,19.5,19.7,19.4,24,40,29,48.3
2019,Davidson County,STEM Prep High School,English Learners,21,95,14.8,17.2,16.1,17,16.3,2,9.5,17,81
2019,Davidson County,STEM Prep High School,Students with Disabilities,4,*,*,*,*,*,*,*,*,*,*
2019,Davidson County,RePublic High School,All Students,99,99,21.2,18,20.6,19.4,20,34,34.3,34,34.3
2019,Davidson County,RePublic High School,Black/Hispanic/Native American,92,99,20.6,17.8,20.1,19.1,19.6,28,30.4,34,37
2019,Davidson County,RePublic High School,Economically Disadvantaged,56,98,21.1,18.1,20.9,19.6,20.1,18,32.1,19,33.9
2019,Davidson County,RePublic High School,English Learners,7,*,*,*,*,*,*,*,*,*,*
2019,Davidson County,RePublic High School,Students with Disabilities,10,100,19.8,17.6,19.4,19.2,19.2,3,30,6,60
,,,,,,,,,,,,,,
2020,Davidson County,MNPS Virtual School,All Students,24,96,22.9,19.3,24.6,21.6,22.3,14,58.3,6,25
2020,Davidson County,MNPS Virtual School,Black/Hispanic/Native American,7,*,*,*,*,*,*,*,*,*,*
2020,Davidson County,MNPS Virtual School,Economically Disadvantaged,4,*,*,*,*,*,*,*,*,*,*
2020,Davidson County,Antioch High School,All Students,305,89,14.1,15.6,15.5,15.8,15.4,29,9.5,249,81.6
2020,Davidson County,Antioch High School,Black/Hispanic/Native American,214,87,13.7,15.2,15.1,15.4,15,16,7.5,179,83.6
2020,Davidson County,Antioch High School,Economically Disadvantaged,167,88,13.7,15.4,15.1,15.4,15,11,6.6,142,85
2020,Davidson County,Antioch High School,English Learners,81,79,11.8,14.8,13.1,14.8,13.8,**,**,**,**
2020,Davidson County,Antioch High School,Students with Disabilities,21,95,10.6,13.7,12.5,14.2,13,**,**,**,**
2020,Davidson County,Nashville Big Picture High School,All Students,36,100,17.6,16,17.8,16.8,17.2,6,16.7,22,61.1
2020,Davidson County,Nashville Big Picture High School,Black/Hispanic/Native American,29,100,16.9,15.9,17.1,16.4,16.7,4,13.8,18,62.1
2020,Davidson County,Nashville Big Picture High School,Economically Disadvantaged,20,100,17.3,16,17.9,16.1,17,4,20,11,55
2020,Davidson County,Nashville Big Picture High School,Students with Disabilities,10,100,15.2,14.8,15.8,15.6,15.6,2,20,8,80
2020,Davidson County,Cane Ridge High School,All Students,322,82,13.8,15.7,15.8,15.9,15.4,42,13,257,79.8
2020,Davidson County,Cane Ridge High School,Black/Hispanic/Native American,231,79,13.5,15.5,15.4,15.7,15.1,25,10.8,191,82.7
2020,Davidson County,Cane Ridge High School,Economically Disadvantaged,190,79,13.1,15.4,15.1,15.6,14.9,20,10.5,161,84.7
2020,Davidson County,Cane Ridge High School,English Learners,60,76,9.7,14.4,12.2,13.3,12.5,**,**,**,**
2020,Davidson County,Cane Ridge High School,Students with Disabilities,32,74,9.5,13.9,11.4,13.2,12.1,**,**,**,**
2020,Davidson County,East Nashville Magnet High School,All Students,146,92,15.3,15.8,16.5,16.8,16.3,19,13,112,76.7
2020,Davidson County,East Nashville Magnet High School,Black/Hispanic/Native American,139,93,15.1,15.8,16.3,16.6,16.1,15,10.8,109,78.4
2020,Davidson County,East Nashville Magnet High School,Economically Disadvantaged,77,90,14.8,15.5,16.1,16.6,15.9,10,13,58,75.3
2020,Davidson County,East Nashville Magnet High School,English Learners,1,*,*,*,*,*,*,*,*,*,*
2020,Davidson County,East Nashville Magnet High School,Students with Disabilities,11,79,12.5,14.5,14.7,15,14.4,1,9.1,10,90.9
2020,Davidson County,Glencliff High School,All Students,164,83,12.9,15,14.5,15,14.5,10,6.1,148,90.2
2020,Davidson County,Glencliff High School,Black/Hispanic/Native American,128,83,12.7,14.9,14.2,14.7,14.3,**,**,**,**
2020,Davidson County,Glencliff High School,Economically Disadvantaged,94,80,12.9,15,14.1,14.4,14.2,**,**,**,**
2020,Davidson County,Glencliff High School,English Learners,62,81,10.8,14.2,12.2,13.6,12.8,**,**,**,**
2020,Davidson County,Glencliff High School,Students with Disabilities,15,71,11,14.1,13.5,13.3,13.1,**,**,**,**
2020,Davidson County,Hillsboro High,All Students,227,95,19.8,18.4,20.9,19.8,19.9,89,39.2,108,47.6
2020,Davidson County,Hillsboro High,Black/Hispanic/Native American,118,94,16.6,16.2,17.2,17.4,17,18,15.3,81,68.6
2020,Davidson County,Hillsboro High,Economically Disadvantaged,76,90,15.6,16.3,17.4,17.3,16.8,16,21.1,52,68.4
2020,Davidson County,Hillsboro High,English Learners,3,*,*,*,*,*,*,*,*,*,*
2020,Davidson County,Hillsboro High,Students with Disabilities,30,91,17.1,17,19.1,17.7,17.8,7,23.3,21,70
2020,Davidson County,Hillwood High,All Students,212,92,16.9,17,18.3,17.7,17.6,49,23.1,136,64.2
2020,Davidson County,Hillwood High,Black/Hispanic/Native American,92,85,15,16.2,16.4,16.5,16.2,14,15.2,68,73.9
2020,Davidson County,Hillwood High,Economically Disadvantaged,88,92,14.9,15.8,16.4,16.3,16,9,10.2,66,75
2020,Davidson County,Hillwood High,English Learners,15,88,10.9,14.5,11.8,14.5,13,**,**,**,**
2020,Davidson County,Hillwood High,Students with Disabilities,24,96,14.7,14.8,16,15.7,15.5,3,12.5,19,79.2
2020,Davidson County,Hume - Fogg High,All Students,216,99,27,24.5,28,26.1,26.6,**,**,**,**
2020,Davidson County,Hume - Fogg High,Black/Hispanic/Native American,77,100,25.4,22.7,26.2,24,24.7,61,79.2,7,9.1
2020,Davidson County,Hume - Fogg High,Economically Disadvantaged,38,97,24.7,21.7,25.5,23.6,24.1,30,78.9,6,15.8
2020,Davidson County,Hume - Fogg High,Students with Disabilities,9,*,*,*,*,*,*,*,*,*,*
2020,Davidson County,Hunters Lane High,All Students,234,84,13,15.2,14.5,14.9,14.5,15,6.4,207,88.5
2020,Davidson County,Hunters Lane High,Black/Hispanic/Native American,199,85,12.8,15.1,14.3,14.7,14.3,12,6,178,89.4
2020,Davidson County,Hunters Lane High,Economically Disadvantaged,150,83,13,15.2,14.5,14.8,14.5,10,6.7,134,89.3
2020,Davidson County,Hunters Lane High,English Learners,54,89,10,14.1,12.5,12.5,12.4,**,**,**,**
2020,Davidson County,Hunters Lane High,Students with Disabilities,25,81,12.9,14.8,14.1,15,14.3,2,8,22,88
2020,Davidson County,John Overton High,All Students,395,90,16.5,16.7,17.5,17.4,17.2,87,22,274,69.4
2020,Davidson County,John Overton High,Black/Hispanic/Native American,205,86,14.4,15.6,15.5,15.9,15.5,25,12.2,169,82.4
2020,Davidson County,John Overton High,Economically Disadvantaged,195,84,14.3,15.6,15.6,16,15.5,21,10.8,156,80
2020,Davidson County,John Overton High,English Learners,97,84,12,14.8,13.2,14.5,13.8,**,**,**,**
2020,Davidson County,John Overton High,Students with Disabilities,36,95,13.1,14.6,14.1,14.5,14.3,**,**,**,**
2020,Davidson County,Middle College High,All Students,3,*,*,*,*,*,*,*,*,*,*
2020,Davidson County,Cora Howe School,All Students,2,*,*,*,*,*,*,*,*,*,*
2020,Davidson County,Cora Howe School,Black/Hispanic/Native American,1,*,*,*,*,*,*,*,*,*,*
2020,Davidson County,Cora Howe School,Economically Disadvantaged,0,*,*,*,*,*,*,*,*,*,*
2020,Davidson County,Cora Howe School,Students with Disabilities,2,*,*,*,*,*,*,*,*,*,*
2020,Davidson County,Maplewood High,All Students,123,93,13.1,15,14.3,14.9,14.5,**,**,**,**
2020,Davidson County,Maplewood High,Black/Hispanic/Native American,112,93,12.8,14.9,14,14.7,14.2,**,**,**,**
2020,Davidson County,Maplewood High,Economically Disadvantaged,92,93,13.1,14.9,14,14.7,14.3,**,**,**,**
2020,Davidson County,Maplewood High,English Learners,14,100,10.4,13.8,12.6,12.7,12.5,**,**,**,**
2020,Davidson County,Maplewood High,Students with Disabilities,20,83,11.4,14.1,12.7,13.1,13,**,**,**,**
2020,Davidson County,Martin Luther King Jr School,All Students,216,100,26.3,24.4,27.1,25.1,25.9,180,83.3,15,6.9
2020,Davidson County,Martin Luther King Jr School,Black/Hispanic/Native American,109,100,24.2,22.5,25.8,23.5,24.1,81,74.3,11,10.1
2020,Davidson County,Martin Luther King Jr School,Economically Disadvantaged,48,98,24.1,22.3,24.7,22.8,23.7,34,70.8,7,14.6
2020,Davidson County,Martin Luther King Jr School,Students with Disabilities,5,*,*,*,*,*,*,*,*,*,*
2020,Davidson County,McGavock High,All Students,346,83,17.3,17,18.4,18.1,17.8,83,24,220,63.6
2020,Davidson County,McGavock High,Black/Hispanic/Native American,192,79,15.7,16.1,16.6,16.7,16.4,26,13.5,147,76.6
2020,Davidson County,McGavock High,Economically Disadvantaged,161,76,15.6,15.9,16.6,16.9,16.4,20,12.4,119,73.9
2020,Davidson County,McGavock High,English Learners,17,77,13.5,15.6,13.9,15.5,14.8,1,5.9,16,94.1
2020,Davidson County,McGavock High,Students with Disabilities,33,73,13.6,15.3,15.5,16.1,15.2,4,12.1,28,84.8
2020,Davidson County,Nashville School Of The Arts,All Students,104,93,22.5,18.4,22.5,20.5,21.1,49,47.1,35,33.7
2020,Davidson County,Nashville School Of The Arts,Black/Hispanic/Native American,46,98,18.8,16.8,18.5,18.6,18.3,10,21.7,27,58.7
2020,Davidson County,Nashville School Of The Arts,Economically Disadvantaged,25,93,21.5,17.9,21.1,19.3,20,11,44,11,44
2020,Davidson County,Nashville School Of The Arts,English Learners,0,*,*,*,*,*,*,*,*,*,*
2020,Davidson County,Nashville School Of The Arts,Students with Disabilities,8,*,*,*,*,*,*,*,*,*,*
2020,Davidson County,Pearl-Cohn High,All Students,103,94,12.3,14.9,13.5,14.4,13.9,**,**,**,**
2020,Davidson County,Pearl-Cohn High,Black/Hispanic/Native American,101,94,12.2,14.9,13.4,14.3,13.9,**,**,**,**
2020,Davidson County,Pearl-Cohn High,Economically Disadvantaged,85,92,12.1,15,13.3,14.4,13.8,**,**,**,**
2020,Davidson County,Pearl-Cohn High,Students with Disabilities,16,100,11.1,13.7,11.6,13.4,12.6,**,**,**,**
2020,Davidson County,The Academy at Opry Mills,All Students,36,82,14.3,15.8,15.3,15.9,15.5,4,11.1,28,77.8
2020,Davidson County,The Academy at Opry Mills,Black/Hispanic/Native American,26,84,14.2,16.1,15.3,15.5,15.5,3,11.5,20,76.9
2020,Davidson County,The Academy at Opry Mills,Economically Disadvantaged,22,85,14.1,16,15.3,15.8,15.5,3,13.6,17,77.3
2020,Davidson County,The Academy at Opry Mills,English Learners,6,*,*,*,*,*,*,*,*,*,*
2020,Davidson County,The Academy at Opry Mills,Students with Disabilities,2,*,*,*,*,*,*,*,*,*,*
2020,Davidson County,The Academy at Old Cockrill,All Students,41,79,13.9,15.1,15.1,15.1,15,3,7.3,34,82.9
2020,Davidson County,The Academy at Old Cockrill,Black/Hispanic/Native American,30,77,12.1,14.4,13,13.5,13.4,**,**,**,**
2020,Davidson County,The Academy at Old Cockrill,Economically Disadvantaged,29,78,12.4,14.5,13.1,13.3,13.5,**,**,**,**
2020,Davidson County,The Academy at Old Cockrill,Students with Disabilities,5,*,*,*,*,*,*,*,*,*,*
2020,Davidson County,Stratford STEM Magnet School,All Students,117,91,13.9,15.4,15.3,15.8,15.3,12,10.3,101,86.3
2020,Davidson County,Stratford STEM Magnet School,Black/Hispanic/Native American,92,89,13.4,15,14.6,15,14.7,5,5.4,84,91.3
2020,Davidson County,Stratford STEM Magnet School,Economically Disadvantaged,80,89,12.8,15,14.5,15,14.5,4,5,74,92.5
2020,Davidson County,Stratford STEM Magnet School,English Learners,11,85,11.7,13.6,13.2,13.6,13,**,**,**,**
2020,Davidson County,Stratford STEM Magnet School,Students with Disabilities,17,74,11.8,14.8,13.1,14.1,13.6,**,**,**,**
2020,Davidson County,Whites Creek High,All Students,105,91,13,14.7,14.4,14.6,14.3,7,6.7,94,89.5
2020,Davidson County,Whites Creek High,Black/Hispanic/Native American,94,92,12.8,14.6,14.2,14.4,14.1,6,6.4,84,89.4
2020,Davidson County,Whites Creek High,Economically Disadvantaged,80,92,13.2,14.8,14.6,14.6,14.4,6,7.5,71,88.8
2020,Davidson County,Whites Creek High,English Learners,2,*,*,*,*,*,*,*,*,*,*
2020,Davidson County,Whites Creek High,Students with Disabilities,10,91,11.5,13.4,12.2,14.7,13.1,**,**,**,**
2020,Davidson County,The Academy at Hickory Hollow,All Students,90,92,14.1,15.8,16.1,16.4,15.7,**,**,**,**
2020,Davidson County,The Academy at Hickory Hollow,Black/Hispanic/Native American,50,88,13.6,15.4,15.1,15.3,15,**,**,**,**
2020,Davidson County,The Academy at Hickory Hollow,Economically Disadvantaged,52,93,13.4,15.8,15.7,16.1,15.4,**,**,**,**
2020,Davidson County,The Academy at Hickory Hollow,English Learners,11,85,10.7,15,14.8,14.7,13.9,**,**,**,**
2020,Davidson County,The Academy at Hickory Hollow,Students with Disabilities,3,*,*,*,*,*,*,*,*,*,*
2020,Davidson County,Lead Academy,All Students,77,95,15.9,16.9,17.3,17.6,17.1,14,18.2,54,70.1
2020,Davidson County,Lead Academy,Black/Hispanic/Native American,69,96,15.6,16.6,17,17.6,16.9,11,15.9,49,71
2020,Davidson County,Lead Academy,Economically Disadvantaged,48,94,14.9,16.3,16.6,17.1,16.4,7,14.6,37,77.1
2020,Davidson County,Lead Academy,English Learners,10,83,11.8,14.5,13.2,16.1,14,**,**,**,**
2020,Davidson County,Lead Academy,Students with Disabilities,10,100,11.6,15.1,14,15.2,14.1,**,**,**,**
2020,Davidson County,KIPP Nashville Collegiate High School,All Students,82,98,19.6,18.5,19.5,18.2,19.1,35,42.7,39,47.6
2020,Davidson County,KIPP Nashville Collegiate High School,Black/Hispanic/Native American,78,99,19.6,18.4,19.3,18.1,19.1,33,42.3,37,47.4
2020,Davidson County,KIPP Nashville Collegiate High School,Economically Disadvantaged,48,96,19.6,18.2,19.7,17.9,19.1,21,43.8,22,45.8
2020,Davidson County,KIPP Nashville Collegiate High School,English Learners,6,*,*,*,*,*,*,*,*,*,*
2020,Davidson County,KIPP Nashville Collegiate High School,Students with Disabilities,11,100,14.4,14.3,14.2,14.4,14.5,1,9.1,10,90.9
2020,Davidson County,LEAD Southeast,All Students,50,100,17.2,18.1,17.7,18,17.9,15,30,28,56
2020,Davidson County,LEAD Southeast,Black/Hispanic/Native American,31,100,15.9,16.8,17.4,17.5,17,7,22.6,19,61.3
2020,Davidson County,LEAD Southeast,Economically Disadvantaged,21,100,15.6,17.5,15.6,17,16.6,5,23.8,14,66.7
2020,Davidson County,LEAD Southeast,English Learners,14,100,11.4,14.9,13.1,13.6,13.4,**,**,**,**
2020,Davidson County,LEAD Southeast,Students with Disabilities,2,*,*,*,*,*,*,*,*,*,*
2020,Davidson County,Intrepid College Preparatory Charter School,All Students,33,100,21.4,19.7,21.5,20.9,21,16,48.5,14,42.4
2020,Davidson County,Intrepid College Preparatory Charter School,Black/Hispanic/Native American,25,100,20.8,19.2,20.4,20.2,20.3,10,40,12,48
2020,Davidson County,Intrepid College Preparatory Charter School,Economically Disadvantaged,16,100,22.5,20.1,22.6,22.3,21.9,8,50,8,50
2020,Davidson County,Intrepid College Preparatory Charter School,English Learners,4,*,*,*,*,*,*,*,*,*,*
2020,Davidson County,Intrepid College Preparatory Charter School,Students with Disabilities,2,*,*,*,*,*,*,*,*,*,*
2020,Davidson County,Knowledge Academies High School,All Students,23,92,13.8,15.6,15.3,15.7,15.3,2,8.7,20,87
2020,Davidson County,Knowledge Academies High School,Black/Hispanic/Native American,19,100,13,15.2,15.1,14.8,14.7,1,5.3,17,89.5
2020,Davidson County,Knowledge Academies High School,Economically Disadvantaged,13,100,12,14.2,14.2,14.8,14,**,**,**,**
2020,Davidson County,Knowledge Academies High School,English Learners,4,*,*,*,*,*,*,*,*,*,*
2020,Davidson County,Knowledge Academies High School,Students with Disabilities,3,*,*,*,*,*,*,*,*,*,*
2020,Davidson County,STEM Prep High School,All Students,82,81,18.1,18,18.5,18.5,18.4,25,30.5,43,52.4
2020,Davidson County,STEM Prep High School,Black/Hispanic/Native American,51,77,17.9,17.8,18.5,18.4,18.3,14,27.5,26,51
2020,Davidson County,STEM Prep High School,Economically Disadvantaged,47,77,17.5,17.1,17.4,17.9,17.6,13,27.7,28,59.6
2020,Davidson County,STEM Prep High School,English Learners,17,63,12.1,15.1,13.2,15.3,14,**,**,**,**
2020,Davidson County,STEM Prep High School,Students with Disabilities,5,*,*,*,*,*,*,*,*,*,*
2020,Davidson County,RePublic High School,All Students,86,96,18,16.6,18.2,17.7,17.8,21,24.4,53,61.6
2020,Davidson County,RePublic High School,Black/Hispanic/Native American,81,96,17.6,16.4,18,17.6,17.5,18,22.2,51,63
2020,Davidson County,RePublic High School,Economically Disadvantaged,47,94,18.2,16.6,18,17.1,17.6,9,19.1,29,61.7
2020,Davidson County,RePublic High School,English Learners,7,*,*,*,*,*,*,*,*,*,*
2020,Davidson County,RePublic High School,Students with Disabilities,15,100,14.7,15.4,15.3,16.5,15.7,2,13.3,12,80
,,,,,,,,,,,,,,
2021,Davidson County,MNPS Virtual School,All Students,43,93,19.2,16.9,20.2,17.9,18.7,11,25.6,22,51.2
2021,Davidson County,MNPS Virtual School,Black/Hispanic/Native American,13,87,17.1,15.5,18.2,15.9,16.8,3,23.1,10,76.9
2021,Davidson County,MNPS Virtual School,Economically Disadvantaged,17,94,16.5,15.4,18,15.3,16.4,3,17.6,12,70.6
2021,Davidson County,MNPS Virtual School,English Learners,1,*,*,*,*,*,*,*,*,*,*
2021,Davidson County,MNPS Virtual School,Students with Disabilities,4,*,*,*,*,*,*,*,*,*,*
2021,Davidson County,Antioch High School,All Students,389,97,13.8,15.5,15.9,16,15.4,32,8.2,327,84.1
2021,Davidson County,Antioch High School,Black/Hispanic/Native American,317,98,13.6,15.4,15.7,15.9,15.3,23,7.3,272,85.8
2021,Davidson County,Antioch High School,Economically Disadvantaged,233,98,13.2,15.3,15.3,15.6,15,13,5.6,202,86.7
2021,Davidson County,Antioch High School,English Learners,95,93,10.7,14.2,12.4,13.8,12.9,**,**,**,**
2021,Davidson County,Antioch High School,Students with Disabilities,35,81,11.3,14.2,13.9,15,13.7,**,**,**,**
2021,Davidson County,Nashville Big Picture High School,All Students,27,100,14.4,15.4,16.7,16.8,15.9,5,18.5,21,77.8
2021,Davidson County,Nashville Big Picture High School,Black/Hispanic/Native American,25,100,13.9,15.2,16.4,16.6,15.6,4,16,20,80
2021,Davidson County,Nashville Big Picture High School,Economically Disadvantaged,18,100,14.6,15.9,16.8,17.1,16.2,4,22.2,13,72.2
2021,Davidson County,Nashville Big Picture High School,English Learners,1,*,*,*,*,*,*,*,*,*,*
2021,Davidson County,Nashville Big Picture High School,Students with Disabilities,4,*,*,*,*,*,*,*,*,*,*
2021,Davidson County,Cane Ridge High School,All Students,363,97,13.8,15.6,15.9,15.8,15.4,30,8.3,301,82.9
2021,Davidson County,Cane Ridge High School,Black/Hispanic/Native American,274,96,13.6,15.5,15.8,15.6,15.3,19,6.9,233,85
2021,Davidson County,Cane Ridge High School,Economically Disadvantaged,200,97,13.6,15.6,15.7,15.8,15.3,16,8,171,85.5
2021,Davidson County,Cane Ridge High School,English Learners,96,98,10.7,14.1,13,13.3,12.9,**,**,**,**
2021,Davidson County,Cane Ridge High School,Students with Disabilities,33,83,10.6,14.5,12.8,13.9,13.1,**,**,**,**
2021,Davidson County,East Nashville Magnet High School,All Students,146,100,15.1,15.6,15.5,16.4,15.8,12,8.2,117,80.1
2021,Davidson County,East Nashville Magnet High School,Black/Hispanic/Native American,143,100,15.1,15.6,15.6,16.3,15.8,11,7.7,115,80.4
2021,Davidson County,East Nashville Magnet High School,Economically Disadvantaged,81,100,13.9,15.3,14.7,15.9,15.1,**,**,**,**
2021,Davidson County,East Nashville Magnet High School,Students with Disabilities,13,100,12,14.8,14.3,15.2,14.2,**,**,**,**
2021,Davidson County,Glencliff High School,All Students,193,97,12.2,14.9,14.3,15.2,14.3,**,**,**,**
2021,Davidson County,Glencliff High School,Black/Hispanic/Native American,149,99,11.6,14.6,13.8,14.7,13.8,**,**,**,**
2021,Davidson County,Glencliff High School,Economically Disadvantaged,123,98,12.3,14.9,14,15.1,14.2,**,**,**,**
2021,Davidson County,Glencliff High School,English Learners,82,96,10.3,14,12.5,14,12.8,**,**,**,**
2021,Davidson County,Glencliff High School,Students with Disabilities,23,96,10.4,14.4,12.4,13.6,12.8,**,**,**,**
2021,Davidson County,Harris-Hillman Special Education,All Students,0,*,*,*,*,*,*,*,*,*,*
2021,Davidson County,Harris-Hillman Special Education,Black/Hispanic/Native American,0,*,*,*,*,*,*,*,*,*,*
2021,Davidson County,Harris-Hillman Special Education,Economically Disadvantaged,0,*,*,*,*,*,*,*,*,*,*
2021,Davidson County,Harris-Hillman Special Education,Students with Disabilities,0,*,*,*,*,*,*,*,*,*,*
2021,Davidson County,Hillsboro High,All Students,239,96,17.7,17.7,19.1,18.3,18.3,70,29.3,149,62.3
2021,Davidson County,Hillsboro High,Black/Hispanic/Native American,151,98,15.4,16.2,16.8,16.7,16.4,19,12.6,117,77.5
2021,Davidson County,Hillsboro High,Economically Disadvantaged,87,99,14.8,16.1,16.6,16.1,16,10,11.5,69,79.3
2021,Davidson County,Hillsboro High,English Learners,7,*,*,*,*,*,*,*,*,*,*
2021,Davidson County,Hillsboro High,Students with Disabilities,29,81,12.2,14.4,14.1,14.8,13.9,**,**,**,**
2021,Davidson County,Hillwood High,All Students,205,98,15.6,16.5,17,17.2,16.7,34,16.6,143,69.8
2021,Davidson County,Hillwood High,Black/Hispanic/Native American,105,98,13.5,15.4,14.8,15.5,15,7,6.7,91,86.7
2021,Davidson County,Hillwood High,Economically Disadvantaged,101,98,14.5,15.8,15.6,16.6,15.8,10,9.9,80,79.2
2021,Davidson County,Hillwood High,English Learners,19,95,11.1,15,13.5,13.9,13.5,**,**,**,**
2021,Davidson County,Hillwood High,Students with Disabilities,25,86,12.9,14.7,14.4,14.5,14.2,**,**,**,**
2021,Davidson County,Hume - Fogg High,All Students,213,100,27.7,24.9,29.4,26.2,27.2,**,**,**,**
2021,Davidson County,Hume - Fogg High,Black/Hispanic/Native American,55,100,24.1,22.7,27,23.9,24.7,**,**,**,**
2021,Davidson County,Hume - Fogg High,Economically Disadvantaged,34,100,26.6,24.7,28.4,25.8,26.6,30,88.2,2,5.9
2021,Davidson County,Hume - Fogg High,Students with Disabilities,9,*,*,*,*,*,*,*,*,*,*
2021,Davidson County,Hunters Lane High,All Students,309,99,13,15.1,15.2,15.2,14.8,19,6.1,265,85.8
2021,Davidson County,Hunters Lane High,Black/Hispanic/Native American,260,98,12.5,14.9,14.7,15,14.4,13,5,231,88.8
2021,Davidson County,Hunters Lane High,Economically Disadvantaged,208,99,12.6,14.9,14.8,14.9,14.4,**,**,**,**
2021,Davidson County,Hunters Lane High,English Learners,50,98,9.8,13.9,12.2,13.5,12.4,**,**,**,**
2021,Davidson County,Hunters Lane High,Students with Disabilities,31,91,10.8,14.1,13,13.8,13.1,**,**,**,**
2021,Davidson County,John Overton High,All Students,386,99,16.4,17.1,18,17.8,17.5,96,24.9,259,67.1
2021,Davidson County,John Overton High,Black/Hispanic/Native American,242,98,14.3,15.9,16.1,16.3,15.8,28,11.6,197,81.4
2021,Davidson County,John Overton High,Economically Disadvantaged,192,99,14.4,16.1,16,16.5,15.9,24,12.5,156,81.3
2021,Davidson County,John Overton High,English Learners,108,97,11.6,14.9,13.4,14.6,13.8,**,**,**,**
2021,Davidson County,John Overton High,Students with Disabilities,28,88,12,14.9,14.6,15.3,14.4,**,**,**,**
2021,Davidson County,Early College High School,All Students,48,100,23.7,20,25.2,22.4,23,39,81.3,4,8.3
2021,Davidson County,Early College High School,Black/Hispanic/Native American,28,100,22.4,18.8,24,21.1,21.8,20,71.4,4,14.3
2021,Davidson County,Early College High School,Economically Disadvantaged,16,100,23.4,19.9,25.4,21.9,22.8,**,**,**,**
2021,Davidson County,Early College High School,English Learners,1,*,*,*,*,*,*,*,*,*,*
2021,Davidson County,Early College High School,Students with Disabilities,2,*,*,*,*,*,*,*,*,*,*
2021,Davidson County,Cora Howe School,All Students,3,*,*,*,*,*,*,*,*,*,*
2021,Davidson County,Cora Howe School,Black/Hispanic/Native American,2,*,*,*,*,*,*,*,*,*,*
2021,Davidson County,Cora Howe School,Economically Disadvantaged,3,*,*,*,*,*,*,*,*,*,*
2021,Davidson County,Cora Howe School,Students with Disabilities,3,*,*,*,*,*,*,*,*,*,*
2021,Davidson County,Maplewood High,All Students,126,92,11.9,14.6,13.9,14.8,13.9,**,**,**,**
2021,Davidson County,Maplewood High,Black/Hispanic/Native American,118,91,11.6,14.4,13.6,14.6,13.7,**,**,**,**
2021,Davidson County,Maplewood High,Economically Disadvantaged,103,94,11.7,14.5,14,14.7,13.9,**,**,**,**
2021,Davidson County,Maplewood High,English Learners,19,86,9.9,14.1,11.8,13.1,12.4,**,**,**,**
2021,Davidson County,Maplewood High,Students with Disabilities,22,69,10.5,14.2,12.7,13.9,12.9,**,**,**,**
2021,Davidson County,Martin Luther King Jr School,All Students,233,100,26.2,24.3,27.5,25.3,26,**,**,**,**
2021,Davidson County,Martin Luther King Jr School,Black/Hispanic/Native American,107,100,24.2,22.4,25.5,23.4,24,93,86.9,6,5.6
2021,Davidson County,Martin Luther King Jr School,Economically Disadvantaged,48,100,24.1,22.9,25.5,24.3,24.3,42,87.5,4,8.3
2021,Davidson County,Martin Luther King Jr School,English Learners,1,*,*,*,*,*,*,*,*,*,*
2021,Davidson County,Martin Luther King Jr School,Students with Disabilities,4,*,*,*,*,*,*,*,*,*,*
2021,Davidson County,McGavock High,All Students,326,94,16,16.4,18.1,17.4,17.1,70,21.5,224,68.7
2021,Davidson County,McGavock High,Black/Hispanic/Native American,200,93,14.6,15.8,16.8,16.4,16,22,11,161,80.5
2021,Davidson County,McGavock High,Economically Disadvantaged,152,94,14,15.6,16.4,16,15.6,12,7.9,128,84.2
2021,Davidson County,McGavock High,English Learners,22,79,12,15.3,13.6,14.9,14.1,**,**,**,**
2021,Davidson County,McGavock High,Students with Disabilities,32,74,11.7,14.4,14,14.3,13.7,2,6.3,30,93.8
2021,Davidson County,Nashville School Of The Arts,All Students,119,100,20.7,17.7,21.8,19.1,20,55,46.2,53,44.5
2021,Davidson County,Nashville School Of The Arts,Black/Hispanic/Native American,56,100,17.4,16.3,18.8,17.4,17.7,13,23.2,36,64.3
2021,Davidson County,Nashville School Of The Arts,Economically Disadvantaged,30,100,17.5,16.4,20,17.7,18.1,8,26.7,18,60
2021,Davidson County,Nashville School Of The Arts,English Learners,1,*,*,*,*,*,*,*,*,*,*
2021,Davidson County,Nashville School Of The Arts,Students with Disabilities,10,100,15.8,15.9,16.4,15.7,16.2,3,30,7,70
2021,Davidson County,Pearl-Cohn High,All Students,108,96,11.7,14.8,14,15,14,**,**,**,**
2021,Davidson County,Pearl-Cohn High,Black/Hispanic/Native American,108,96,11.7,14.8,14,15,14,**,**,**,**
2021,Davidson County,Pearl-Cohn High,Economically Disadvantaged,92,97,11.7,14.8,13.9,14.8,13.9,**,**,**,**
2021,Davidson County,Pearl-Cohn High,English Learners,1,*,*,*,*,*,*,*,*,*,*
2021,Davidson County,Pearl-Cohn High,Students with Disabilities,21,84,11.2,14.5,13,13.8,13.2,**,**,**,**
2021,Davidson County,The Academy at Opry Mills,All Students,48,98,14.1,15.4,15.5,15.1,15.1,5,10.4,41,85.4
2021,Davidson County,The Academy at Opry Mills,Black/Hispanic/Native American,28,100,12.9,15.1,14,14.6,14.1,**,**,**,**
2021,Davidson County,The Academy at Opry Mills,Economically Disadvantaged,29,97,13.2,15.1,14.9,14.3,14.5,**,**,**,**
2021,Davidson County,The Academy at Opry Mills,English Learners,5,*,*,*,*,*,*,*,*,*,*
2021,Davidson County,The Academy at Opry Mills,Students with Disabilities,4,*,*,*,*,*,*,*,*,*,*
2021,Davidson County,The Academy at Old Cockrill,All Students,64,98,13.8,15.2,15.4,15.7,15.2,6,9.4,55,85.9
2021,Davidson County,The Academy at Old Cockrill,Black/Hispanic/Native American,48,98,13,14.8,14,14.9,14.3,**,**,**,**
2021,Davidson County,The Academy at Old Cockrill,Economically Disadvantaged,39,98,11.8,14.7,13.2,14.5,13.8,**,**,**,**
2021,Davidson County,The Academy at Old Cockrill,English Learners,1,*,*,*,*,*,*,*,*,*,*
2021,Davidson County,The Academy at Old Cockrill,Students with Disabilities,13,100,11.8,14.6,13.8,14.8,13.8,**,**,**,**
2021,Davidson County,Stratford STEM Magnet School,All Students,135,97,13.8,14.9,15.6,15.9,15.2,16,11.9,111,82.2
2021,Davidson County,Stratford STEM Magnet School,Black/Hispanic/Native American,96,96,12,14.4,13.9,14.8,13.9,**,**,**,**
2021,Davidson County,Stratford STEM Magnet School,Economically Disadvantaged,81,95,11.8,14.3,14.4,14.9,14,**,**,**,**
2021,Davidson County,Stratford STEM Magnet School,English Learners,12,100,10.9,14,13,15.5,13.6,**,**,**,**
2021,Davidson County,Stratford STEM Magnet School,Students with Disabilities,21,91,11.4,14.3,12.8,14.4,13.3,**,**,**,**
2021,Davidson County,Whites Creek High,All Students,101,100,11.9,14.7,13.7,14.2,13.8,**,**,**,**
2021,Davidson County,Whites Creek High,Black/Hispanic/Native American,94,100,11.8,14.5,13.6,14.1,13.6,**,**,**,**
2021,Davidson County,Whites Creek High,Economically Disadvantaged,80,100,11.3,14.3,13.4,13.5,13.3,**,**,**,**
2021,Davidson County,Whites Creek High,English Learners,1,*,*,*,*,*,*,*,*,*,*
2021,Davidson County,Whites Creek High,Students with Disabilities,19,100,9.7,13.4,11.7,12.7,11.9,**,**,**,**
2021,Davidson County,The Academy at Hickory Hollow,All Students,87,97,13.6,15.7,15.4,15.9,15.3,10,11.5,72,82.8
2021,Davidson County,The Academy at Hickory Hollow,Black/Hispanic/Native American,66,96,13.4,15.5,15.2,15.6,15.1,6,9.1,55,83.3
2021,Davidson County,The Academy at Hickory Hollow,Economically Disadvantaged,56,97,13,15.7,15.4,15.7,15.1,7,12.5,47,83.9
2021,Davidson County,The Academy at Hickory Hollow,English Learners,21,95,10.7,14.2,11.8,13.8,12.8,**,**,**,**
2021,Davidson County,The Academy at Hickory Hollow,Students with Disabilities,6,*,*,*,*,*,*,*,*,*,*
2021,Davidson County,Lead Academy,All Students,87,97,14.1,16.1,15.5,16.3,15.6,6,6.9,77,88.5
2021,Davidson County,Lead Academy,Black/Hispanic/Native American,78,98,13.7,15.8,15,16.1,15.2,**,**,**,**
2021,Davidson County,Lead Academy,Economically Disadvantaged,67,97,13.8,15.9,15.2,16.3,15.4,4,6,61,91
2021,Davidson County,Lead Academy,English Learners,21,95,11,14.9,13.1,14.5,13.5,**,**,**,**
2021,Davidson County,Lead Academy,Students with Disabilities,6,*,*,*,*,*,*,*,*,*,*
2021,Davidson County,KIPP Nashville Collegiate High School,All Students,95,100,16.9,17.2,17.7,18.1,17.7,23,24.2,56,58.9
2021,Davidson County,KIPP Nashville Collegiate High School,Black/Hispanic/Native American,94,100,16.9,17.2,17.7,18,17.7,23,24.5,56,59.6
2021,Davidson County,KIPP Nashville Collegiate High School,Economically Disadvantaged,61,100,17,17.1,18,17.9,17.7,15,24.6,38,62.3
2021,Davidson County,KIPP Nashville Collegiate High School,English Learners,10,100,14.5,14.6,14.2,16.2,15.1,1,10,8,80
2021,Davidson County,KIPP Nashville Collegiate High School,Students with Disabilities,17,100,13.4,15.3,15.4,15.6,15.1,2,11.8,14,82.4
2021,Davidson County,LEAD Southeast,All Students,68,97,15.9,17.3,17.3,18.2,17.4,11,16.2,42,61.8
2021,Davidson County,LEAD Southeast,Black/Hispanic/Native American,46,100,15.3,17.1,16.9,17.8,16.9,7,15.2,32,69.6
2021,Davidson County,LEAD Southeast,Economically Disadvantaged,41,95,16.2,17,17.2,18.2,17.4,6,14.6,23,56.1
2021,Davidson County,LEAD Southeast,English Learners,12,86,11.9,15.6,14.4,16.1,14.8,**,**,**,**
2021,Davidson County,LEAD Southeast,Students with Disabilities,9,*,*,*,*,*,*,*,*,*,*
2021,Davidson County,Valor Flagship Academy,All Students,172,99,22.6,21.4,22.8,22.6,22.5,102,59.3,47,27.3
2021,Davidson County,Valor Flagship Academy,Black/Hispanic/Native American,63,98,20.2,19.4,20.5,20.1,20.2,28,44.4,23,36.5
2021,Davidson County,Valor Flagship Academy,Economically Disadvantaged,73,99,19.9,19.2,20,20.8,20.1,30,41.1,33,45.2
2021,Davidson County,Valor Flagship Academy,English Learners,14,93,12.6,15.6,15.1,16.5,15.1,1,7.1,13,92.9
2021,Davidson County,Valor Flagship Academy,Students with Disabilities,24,96,18.8,17.4,19.6,19.7,19,8,33.3,13,54.2
2021,Davidson County,Intrepid College Preparatory Charter School,All Students,43,96,15.3,17.8,18.1,18,17.4,10,23.3,26,60.5
2021,Davidson County,Intrepid College Preparatory Charter School,Black/Hispanic/Native American,37,95,14.4,17.2,17.5,17.5,16.8,6,16.2,24,64.9
2021,Davidson County,Intrepid College Preparatory Charter School,Economically Disadvantaged,23,96,15.3,18,17.2,18,17.2,4,17.4,15,65.2
2021,Davidson County,Intrepid College Preparatory Charter School,English Learners,10,91,9.5,13.9,11.7,14.2,12.4,**,**,**,**
2021,Davidson County,Intrepid College Preparatory Charter School,Students with Disabilities,4,*,*,*,*,*,*,*,*,*,*
2021,Davidson County,Knowledge Academies High School,All Students,22,100,13.5,15.5,14.8,16.1,15.1,2,9.1,19,86.4
2021,Davidson County,Knowledge Academies High School,Black/Hispanic/Native American,19,100,13.5,15.4,15.1,16.1,15.1,2,10.5,16,84.2
2021,Davidson County,Knowledge Academies High School,Economically Disadvantaged,5,*,*,*,*,*,*,*,*,*,*
2021,Davidson County,Knowledge Academies High School,English Learners,8,*,*,*,*,*,*,*,*,*,*
2021,Davidson County,Knowledge Academies High School,Students with Disabilities,4,*,*,*,*,*,*,*,*,*,*
2021,Davidson County,STEM Prep High School,All Students,118,100,14.9,16.7,16.6,17.2,16.5,20,16.9,86,72.9
2021,Davidson County,STEM Prep High School,Black/Hispanic/Native American,94,100,14.7,16.3,16.5,16.8,16.2,14,14.9,72,76.6
2021,Davidson County,STEM Prep High School,Economically Disadvantaged,65,100,14.4,16.5,16.3,17.2,16.3,9,13.8,49,75.4
2021,Davidson County,STEM Prep High School,English Learners,42,100,11,14.6,13.2,14.7,13.6,**,**,**,**
2021,Davidson County,STEM Prep High School,Students with Disabilities,9,*,*,*,*,*,*,*,*,*,*
2021,Davidson County,RePublic High School,All Students,146,99,15.2,16.1,17.2,17.1,16.6,25,17.1,105,71.9
2021,Davidson County,RePublic High School,Black/Hispanic/Native American,131,99,14.5,15.8,16.7,16.7,16.1,19,14.5,97,74
2021,Davidson County,RePublic High School,Economically Disadvantaged,84,99,14.2,15.8,16.5,16.6,15.9,11,13.1,63,75
2021,Davidson County,RePublic High School,English Learners,19,100,10.6,14.6,13.4,13.6,13.2,**,**,**,**
2021,Davidson County,RePublic High School,Students with Disabilities,28,97,11.2,14.3,14.3,14.8,13.7,**,**,**,**